
INSERT INTO SPECIALTY (SPEC_NAME) VALUES ('Abdominal Radiology');
INSERT INTO SPECIALTY (SPEC_NAME) VALUES ('Addiction Psychiatry');
INSERT INTO SPECIALTY (SPEC_NAME) VALUES ('Adolescent Medicine');
INSERT INTO SPECIALTY (SPEC_NAME) VALUES ('Adult Cardiothoracic Anesthesiology');
INSERT INTO SPECIALTY (SPEC_NAME) VALUES ('Adult Reconstructive Orthopaedic');
INSERT INTO SPECIALTY (SPEC_NAME) VALUES ('Advanced Heart Failure & Transplant Cardiology');
INSERT INTO SPECIALTY (SPEC_NAME) VALUES ('Allergy & Immunology');
INSERT INTO SPECIALTY (SPEC_NAME) VALUES ('Anesthesiology');
INSERT INTO SPECIALTY (SPEC_NAME) VALUES ('Biochemical Genetics');
INSERT INTO SPECIALTY (SPEC_NAME) VALUES ('Blood Banking - Transfusion Medicine');
INSERT INTO SPECIALTY (SPEC_NAME) VALUES ('Cardiothoracic Radiology');
INSERT INTO SPECIALTY (SPEC_NAME) VALUES ('Cardiovascular Disease');
INSERT INTO SPECIALTY (SPEC_NAME) VALUES ('Chemical Pathology');
INSERT INTO SPECIALTY (SPEC_NAME) VALUES ('Child & Adolescent Psychiatry');
INSERT INTO SPECIALTY (SPEC_NAME) VALUES ('Child Abuse Pediatrics');
INSERT INTO SPECIALTY (SPEC_NAME) VALUES ('Child Neurology');
INSERT INTO SPECIALTY (SPEC_NAME) VALUES ('Clinical & Laboratory Immunology');
INSERT INTO SPECIALTY (SPEC_NAME) VALUES ('Clinical Cardiac Electrophysiology ');
INSERT INTO SPECIALTY (SPEC_NAME) VALUES ('Clinical Neurophysiology');
INSERT INTO SPECIALTY (SPEC_NAME) VALUES ('Colon & Rectal Surgery');
INSERT INTO SPECIALTY (SPEC_NAME) VALUES ('Congenital Cardiac Surgery');
INSERT INTO SPECIALTY (SPEC_NAME) VALUES ('Craniofacial Surgery');
INSERT INTO SPECIALTY (SPEC_NAME) VALUES ('Critical Care Medicine');
INSERT INTO SPECIALTY (SPEC_NAME) VALUES ('Critical Care Medicine');
INSERT INTO SPECIALTY (SPEC_NAME) VALUES ('Cytopathology');
INSERT INTO SPECIALTY (SPEC_NAME) VALUES ('Dermatology');
INSERT INTO SPECIALTY (SPEC_NAME) VALUES ('Dermatopathology');
INSERT INTO SPECIALTY (SPEC_NAME) VALUES ('Developmental-Behavioral');
INSERT INTO SPECIALTY (SPEC_NAME) VALUES ('Emergency Medicine');
INSERT INTO SPECIALTY (SPEC_NAME) VALUES ('Endocrinology, Diabetes & Metabolism');
INSERT INTO SPECIALTY (SPEC_NAME) VALUES ('Endovascular Surgical Neuroradiology');
INSERT INTO SPECIALTY (SPEC_NAME) VALUES ('Endovascular Surgical Neuroradiology');
INSERT INTO SPECIALTY (SPEC_NAME) VALUES ('Endovascular Surgical Neuroradiology');
INSERT INTO SPECIALTY (SPEC_NAME) VALUES ('Family Medicine');
INSERT INTO SPECIALTY (SPEC_NAME) VALUES ('Family Practice');
INSERT INTO SPECIALTY (SPEC_NAME) VALUES ('Female Pelvic Medicine & Reconstructive Surgery');
INSERT INTO SPECIALTY (SPEC_NAME) VALUES ('Foot & Ankle Orthopaedic');
INSERT INTO SPECIALTY (SPEC_NAME) VALUES ('Forensic Pathology');
INSERT INTO SPECIALTY (SPEC_NAME) VALUES ('Forensic Psychiatry');
INSERT INTO SPECIALTY (SPEC_NAME) VALUES ('Gastroenterology');
INSERT INTO SPECIALTY (SPEC_NAME) VALUES ('Hand Surgery');
INSERT INTO SPECIALTY (SPEC_NAME) VALUES ('Hematology');
INSERT INTO SPECIALTY (SPEC_NAME) VALUES ('Infectious Disease');
INSERT INTO SPECIALTY (SPEC_NAME) VALUES ('Internal Medicine ');
INSERT INTO SPECIALTY (SPEC_NAME) VALUES ('Internal Medicine-Pediatrics');
INSERT INTO SPECIALTY (SPEC_NAME) VALUES ('Interventional Cardiology');
INSERT INTO SPECIALTY (SPEC_NAME) VALUES ('Medical Genetics');
INSERT INTO SPECIALTY (SPEC_NAME) VALUES ('Medical Microbiology');
INSERT INTO SPECIALTY (SPEC_NAME) VALUES ('Medical Toxicology');
INSERT INTO SPECIALTY (SPEC_NAME) VALUES ('Molecular Genetic Pathology');
INSERT INTO SPECIALTY (SPEC_NAME) VALUES ('Muscoskeletal Radiology');
INSERT INTO SPECIALTY (SPEC_NAME) VALUES ('Musculoskeletal Oncology');
INSERT INTO SPECIALTY (SPEC_NAME) VALUES ('Neonatal-Perinatal Medicine');
INSERT INTO SPECIALTY (SPEC_NAME) VALUES ('Nephrology  Internal Medicine');
INSERT INTO SPECIALTY (SPEC_NAME) VALUES ('Neurological Surgery');
INSERT INTO SPECIALTY (SPEC_NAME) VALUES ('Neurology');
INSERT INTO SPECIALTY (SPEC_NAME) VALUES ('Neuromuscular Medicine');
INSERT INTO SPECIALTY (SPEC_NAME) VALUES ('Neuropathology');
INSERT INTO SPECIALTY (SPEC_NAME) VALUES ('Nuclear Medicine');
INSERT INTO SPECIALTY (SPEC_NAME) VALUES ('Nuclear Radiology');
INSERT INTO SPECIALTY (SPEC_NAME) VALUES ('Obstetric Anesthesiology');
INSERT INTO SPECIALTY (SPEC_NAME) VALUES ('Obstetrics & Gynecology');
INSERT INTO SPECIALTY (SPEC_NAME) VALUES ('Oncology');
INSERT INTO SPECIALTY (SPEC_NAME) VALUES ('Ophthalmic Plastic & Reconstructive Surgery');
INSERT INTO SPECIALTY (SPEC_NAME) VALUES ('Ophthalmology');
INSERT INTO SPECIALTY (SPEC_NAME) VALUES ('Orthopaedic Sports Medicine');
INSERT INTO SPECIALTY (SPEC_NAME) VALUES ('Orthopaedic Surgery');
INSERT INTO SPECIALTY (SPEC_NAME) VALUES ('Otolaryngology');
INSERT INTO SPECIALTY (SPEC_NAME) VALUES ('Otology - Neurotology');
INSERT INTO SPECIALTY (SPEC_NAME) VALUES ('Pathology-Anatomic & Clinical');
INSERT INTO SPECIALTY (SPEC_NAME) VALUES ('Pediatric Anesthesiology');
INSERT INTO SPECIALTY (SPEC_NAME) VALUES ('Pediatric Cardiology');
INSERT INTO SPECIALTY (SPEC_NAME) VALUES ('Pediatric Critical Care Medicine');
INSERT INTO SPECIALTY (SPEC_NAME) VALUES ('Pediatric Emergency Medicine');
INSERT INTO SPECIALTY (SPEC_NAME) VALUES ('Pediatric Endocrinology');
INSERT INTO SPECIALTY (SPEC_NAME) VALUES ('Pediatric Gastroenterology');
INSERT INTO SPECIALTY (SPEC_NAME) VALUES ('Pediatric Hematology-Oncology');
INSERT INTO SPECIALTY (SPEC_NAME) VALUES ('Pediatric Infectious Diseases');
INSERT INTO SPECIALTY (SPEC_NAME) VALUES ('Pediatric Nephrology');
INSERT INTO SPECIALTY (SPEC_NAME) VALUES ('Pediatric Orthopaedics');
INSERT INTO SPECIALTY (SPEC_NAME) VALUES ('Pediatric Otolaryngology');
INSERT INTO SPECIALTY (SPEC_NAME) VALUES ('Pediatric Pathology');
INSERT INTO SPECIALTY (SPEC_NAME) VALUES ('Pediatric Pulmonology');
INSERT INTO SPECIALTY (SPEC_NAME) VALUES ('Pediatric Radiology');
INSERT INTO SPECIALTY (SPEC_NAME) VALUES ('Pediatric Rheumatology');
INSERT INTO SPECIALTY (SPEC_NAME) VALUES ('Pediatric Sports Medicine');
INSERT INTO SPECIALTY (SPEC_NAME) VALUES ('Pediatric Surgery');
INSERT INTO SPECIALTY (SPEC_NAME) VALUES ('Pediatric Transplant Hepatology');
INSERT INTO SPECIALTY (SPEC_NAME) VALUES ('Pediatric Urology');
INSERT INTO SPECIALTY (SPEC_NAME) VALUES ('Pediatric');
INSERT INTO SPECIALTY (SPEC_NAME) VALUES ('Physical Medicine & Rehabilitation');
INSERT INTO SPECIALTY (SPEC_NAME) VALUES ('Plastic Surgery');
INSERT INTO SPECIALTY (SPEC_NAME) VALUES ('Preventive Medicine');
INSERT INTO SPECIALTY (SPEC_NAME) VALUES ('Procedural Dermatology  Dermatology');
INSERT INTO SPECIALTY (SPEC_NAME) VALUES ('Psychiatry');
INSERT INTO SPECIALTY (SPEC_NAME) VALUES ('Pulmonary Disease & Critical Care Medicine');
INSERT INTO SPECIALTY (SPEC_NAME) VALUES ('Radiation Oncology');
INSERT INTO SPECIALTY (SPEC_NAME) VALUES ('Radiology-Diagnostic');
INSERT INTO SPECIALTY (SPEC_NAME) VALUES ('Rheumatology');
INSERT INTO SPECIALTY (SPEC_NAME) VALUES ('Surgery-General');
INSERT INTO SPECIALTY (SPEC_NAME) VALUES ('Thoracic Surgery');
INSERT INTO SPECIALTY (SPEC_NAME) VALUES ('Thoracic Surgery-Integrated');
INSERT INTO SPECIALTY (SPEC_NAME) VALUES ('Transplant Hepatology');
INSERT INTO SPECIALTY (SPEC_NAME) VALUES ('Urology');
INSERT INTO SPECIALTY (SPEC_NAME) VALUES ('Vascular & Interventional Radiology');
INSERT INTO SPECIALTY (SPEC_NAME) VALUES ('Vascular Surgery');
INSERT INTO STATUS (STATUS_NAME) VALUES ('Free');
INSERT INTO STATUS (STATUS_NAME) VALUES ('Cancelled');
INSERT INTO STATUS (STATUS_NAME) VALUES ('Pending');
INSERT INTO STATUS (STATUS_NAME) VALUES ('Completed');
INSERT INTO TESTTYPE (TEST_NAME, REF_LIMITS) VALUES ('RBC', '(Male) 4.2 - 5.6 10^6 / µL, (Female) 3.8 - 5.1 10^6 / µL, (Child) 3.5 - 5.0 10^6 / µL');
INSERT INTO TESTTYPE (TEST_NAME, REF_LIMITS) VALUES ('WBC', '(Male) 3.8 - 11.0 10^3 / mm3, (Female) 3.8 - 11.0 10^3 / mm3,  (Child) 5.0 - 10.0 10^3 / mm3');
INSERT INTO TESTTYPE (TEST_NAME, REF_LIMITS) VALUES ('Hgb', '(Male) 14 - 18 g/dL, (Female) 11 - 16 g/dL, (Child) 10 - 14 g/dL, (Newborn) 15 - 25 g/dL');
INSERT INTO TESTTYPE (TEST_NAME, REF_LIMITS) VALUES ('Hct ', '(Male) 39 - 54%, (Female) 34 - 47%, (Child) 30 - 42%');
INSERT INTO TESTTYPE (TEST_NAME, REF_LIMITS) VALUES ('MCV ', '78 - 98 fL');
INSERT INTO TESTTYPE (TEST_NAME, REF_LIMITS) VALUES ('MCH ', '27 - 35 pg');
INSERT INTO TESTTYPE (TEST_NAME, REF_LIMITS) VALUES ('MCHC ', '31 - 37%');
INSERT INTO TESTTYPE (TEST_NAME, REF_LIMITS) VALUES ('neutrophils ', '50 - 81%');
INSERT INTO TESTTYPE (TEST_NAME, REF_LIMITS) VALUES ('bands ', '1 - 5%');
INSERT INTO TESTTYPE (TEST_NAME, REF_LIMITS) VALUES ('lymphocytes ', '14 - 44%');
INSERT INTO TESTTYPE (TEST_NAME, REF_LIMITS) VALUES ('monocytes ', '2 - 6%');
INSERT INTO TESTTYPE (TEST_NAME, REF_LIMITS) VALUES ('eosinophils ', '1 - 5%');
INSERT INTO TESTTYPE (TEST_NAME, REF_LIMITS) VALUES ('basophils ', '0 - 1%');
INSERT INTO TESTTYPE (TEST_NAME, REF_LIMITS) VALUES ('troponin I', '0 - 0.1 ng/ml (onset: 4-6 hrs, peak: 12-24 hrs, return to normal: 4-7 days)');
INSERT INTO TESTTYPE (TEST_NAME, REF_LIMITS) VALUES ('troponin T', '0 - 0.2 ng/ml (onset: 3-4 hrs, peak: 10-24 hrs, return to normal: 10-14 days)');
INSERT INTO TESTTYPE (TEST_NAME, REF_LIMITS) VALUES ('myoglobin', '(Male) 10 - 95 ng/ml (onset: 1-3 hrs, peak: 6-10 hrs, return to normal: 12-24 hrs), (Female) 10 - 65 ng/ml (onset: 1-3 hrs, peak: 6-10 hrs, return to normal: 12-24 hrs)');
INSERT INTO TESTTYPE (TEST_NAME, REF_LIMITS) VALUES ('acetone', '0.3 - 2.0 mg%');
INSERT INTO TESTTYPE (TEST_NAME, REF_LIMITS) VALUES ('albumin', '3.5 - 5.0 gm/dL');
INSERT INTO TESTTYPE (TEST_NAME, REF_LIMITS) VALUES ('alkaline phosphatase', '32 - 110 U/L');
INSERT INTO TESTTYPE (TEST_NAME, REF_LIMITS) VALUES ('anion gap', '5 - 16 mEq/L');
INSERT INTO TESTTYPE (TEST_NAME, REF_LIMITS) VALUES ('ammonia', '11 - 35 µmol/L');
INSERT INTO TESTTYPE (TEST_NAME, REF_LIMITS) VALUES ('amylase', '50 - 150 U/dL');
INSERT INTO TESTTYPE (TEST_NAME, REF_LIMITS) VALUES ('AST,SGOT', '(Male) 7 - 21 U/L, (Female) 6 - 18 U/L');
INSERT INTO TESTTYPE (TEST_NAME, REF_LIMITS) VALUES ('bilirubin, direct', '0.0 - 0.4 mg/dL');
INSERT INTO TESTTYPE (TEST_NAME, REF_LIMITS) VALUES ('bilirubin, total', '0.2 - 1.4 mg/dL');
INSERT INTO TESTTYPE (TEST_NAME, REF_LIMITS) VALUES ('BUN', '6 - 23 mg/dL');
INSERT INTO TESTTYPE (TEST_NAME, REF_LIMITS) VALUES ('calcium (total)', '8 - 11 mg/dL');
INSERT INTO TESTTYPE (TEST_NAME, REF_LIMITS) VALUES ('carbon dioxide', '21 - 34 mEq/L');
INSERT INTO TESTTYPE (TEST_NAME, REF_LIMITS) VALUES ('carbon monoxide symptoms', 'greater than or equal to 10% saturation');
INSERT INTO TESTTYPE (TEST_NAME, REF_LIMITS) VALUES ('chloride ', '96 - 112 mEq/L');
INSERT INTO TESTTYPE (TEST_NAME, REF_LIMITS) VALUES ('creatine ', '(Male) 0.2 - 0.6 mg/dL, (Female) 0.6 - 1.0 mg/dL');
INSERT INTO TESTTYPE (TEST_NAME, REF_LIMITS) VALUES ('creatinine ', '0.6 - 1.5 mg/dL');
INSERT INTO TESTTYPE (TEST_NAME, REF_LIMITS) VALUES ('folic acid ', '2.0 - 21 ng/mL');
INSERT INTO TESTTYPE (TEST_NAME, REF_LIMITS) VALUES ('glucose', '65 - 99 mg/dL');
INSERT INTO TESTTYPE (TEST_NAME, REF_LIMITS) VALUES ('HDL ', '(Male) 25 - 65 mg/dL, (Female) 38 - 94 mg/dL');
INSERT INTO TESTTYPE (TEST_NAME, REF_LIMITS) VALUES ('iron', '52 - 169 µg/dL');
INSERT INTO TESTTYPE (TEST_NAME, REF_LIMITS) VALUES ('iron binding capacity', '246 - 455 µg/dL');
INSERT INTO TESTTYPE (TEST_NAME, REF_LIMITS) VALUES ('lactic acid ', '0.4 - 2.3 mEq/L');
INSERT INTO TESTTYPE (TEST_NAME, REF_LIMITS) VALUES ('lactate ', '0.3 - 2.3 mEq/L');
INSERT INTO TESTTYPE (TEST_NAME, REF_LIMITS) VALUES ('lipase', '10 - 140 U/L');
INSERT INTO TESTTYPE (TEST_NAME, REF_LIMITS) VALUES ('magnesium ', '1.5 - 2.5 mg/dL');
INSERT INTO TESTTYPE (TEST_NAME, REF_LIMITS) VALUES ('osmolarity ', '276 - 295 mOsm/kg');
INSERT INTO TESTTYPE (TEST_NAME, REF_LIMITS) VALUES ('parathyroid hormone', '12 - 68 pg/mL');
INSERT INTO TESTTYPE (TEST_NAME, REF_LIMITS) VALUES ('phosphorus ', '2.2 - 4.8 mg/dL');
INSERT INTO TESTTYPE (TEST_NAME, REF_LIMITS) VALUES ('potassium ', '3.5 - 5.5 mEq/L');
INSERT INTO TESTTYPE (TEST_NAME, REF_LIMITS) VALUES ('SGPT ', '8 - 32 U/L');
INSERT INTO TESTTYPE (TEST_NAME, REF_LIMITS) VALUES ('sodium ', '135 - 148 mEq/L');
INSERT INTO TESTTYPE (TEST_NAME, REF_LIMITS) VALUES ('T3 ', '0.8 - 1.1 µg/dL');
INSERT INTO TESTTYPE (TEST_NAME, REF_LIMITS) VALUES ('thyroglobulin ', 'less than 55 ng/mL');
INSERT INTO TESTTYPE (TEST_NAME, REF_LIMITS) VALUES ('thyroxine (T4) (total) ', '5 - 13 µg/dL');
INSERT INTO TESTTYPE (TEST_NAME, REF_LIMITS) VALUES ('total protein ', '5 - 9 gm/dL');
INSERT INTO TESTTYPE (TEST_NAME, REF_LIMITS) VALUES ('TSH ', 'Less than 9 µU/mL');
INSERT INTO TESTTYPE (TEST_NAME, REF_LIMITS) VALUES ('urea nitrogen ', '8 - 25 mg/dL');
INSERT INTO TESTTYPE (TEST_NAME, REF_LIMITS) VALUES ('uric acid ', '(Male) 3.5 - 7.7 mg/dL, (Female) 2.5 - 6.6 mg/dL');
INSERT INTO TESTTYPE (TEST_NAME, REF_LIMITS) VALUES ('cholesterol (HDL)', '30 - 75 mg/dL');
INSERT INTO TESTTYPE (TEST_NAME, REF_LIMITS) VALUES ('cholesterol (LDL) ', 'Less than 130 mg/dL desirable');
INSERT INTO TESTTYPE (TEST_NAME, REF_LIMITS) VALUES ('triglycerides ', '(Male) Greater than 40 - 170 mg/dL, (Female) Greater than 35 - 135 mg/dL');
INSERT INTO TESTTYPE (TEST_NAME, REF_LIMITS) VALUES ('pH ', '4.6 - 8.0');
INSERT INTO TESTTYPE (TEST_NAME, REF_LIMITS) VALUES ('Na', '10 - 40 mEq/L');
INSERT INTO TESTTYPE (TEST_NAME, REF_LIMITS) VALUES ('K', 'Less than 8 mEq/L');
INSERT INTO TESTTYPE (TEST_NAME, REF_LIMITS) VALUES ('C1', 'Less than 8 mEq/L');
INSERT INTO TESTTYPE (TEST_NAME, REF_LIMITS) VALUES ('protein', '1 - 15 mg/dL');
INSERT INTO TESTTYPE (TEST_NAME, REF_LIMITS) VALUES ('osmolality', '80 - 1300 mOsm/L');
INSERT INTO TESTTYPE (TEST_NAME, REF_LIMITS) VALUES ('amylase', '250 - 1100 IU / 24 hr');
INSERT INTO TESTTYPE (TEST_NAME, REF_LIMITS) VALUES ('calcium', '100 - 250 mg / 24 hr');
INSERT INTO TESTTYPE (TEST_NAME, REF_LIMITS) VALUES ('chloride', '110 - 250 mEq / 24 hr');
INSERT INTO TESTTYPE (TEST_NAME, REF_LIMITS) VALUES ('creatinine', '1 - 2 g / 24 hr');
INSERT INTO TESTTYPE (TEST_NAME, REF_LIMITS) VALUES ('creatine clearance', '(Male) 100 - 140 mL / min, (Male) 16 - 26 mg / kg / 24 hr, (Female) 80 - 130 mL / min, (Female) 10 - 20 mg / kg / 24 hr');
INSERT INTO TESTTYPE (TEST_NAME, REF_LIMITS) VALUES ('magnesium', '6 - 9 mEq / 24 hr');
INSERT INTO TESTTYPE (TEST_NAME, REF_LIMITS) VALUES ('osmolality', '450 - 900 mOsm / kg');
INSERT INTO TESTTYPE (TEST_NAME, REF_LIMITS) VALUES ('phosphorus', '0.9 - 1.3 g / 24 hr');
INSERT INTO TESTTYPE (TEST_NAME, REF_LIMITS) VALUES ('potassium', '35 - 85 mEq / 24 hr');
INSERT INTO TESTTYPE (TEST_NAME, REF_LIMITS) VALUES ('protein', '0 - 150 mg / 24 hr');
INSERT INTO TESTTYPE (TEST_NAME, REF_LIMITS) VALUES ('sodium', '30 - 280 mEq / 24 hr');
INSERT INTO TESTTYPE (TEST_NAME, REF_LIMITS) VALUES ('urea nitrogen', '10 - 22 gm / 24 hr');
INSERT INTO TESTTYPE (TEST_NAME, REF_LIMITS) VALUES ('uric acid', '240 - 755 mg / 24 hr');
INSERT INTO TESTTYPE (TEST_NAME, REF_LIMITS) VALUES ('ACT', '90 - 130 seconds');
INSERT INTO TESTTYPE (TEST_NAME, REF_LIMITS) VALUES ('APTT', '21 - 35 seconds');
INSERT INTO TESTTYPE (TEST_NAME, REF_LIMITS) VALUES ('platelets', '140,000 - 450,000 /ml');
INSERT INTO TESTTYPE (TEST_NAME, REF_LIMITS) VALUES ('plasminogen', '62 - 130%');
INSERT INTO TESTTYPE (TEST_NAME, REF_LIMITS) VALUES ('PT', '10 - 14 seconds');
INSERT INTO TESTTYPE (TEST_NAME, REF_LIMITS) VALUES ('PTT', '32 - 45 seconds');
INSERT INTO TESTTYPE (TEST_NAME, REF_LIMITS) VALUES ('FSP', 'Less than 10 µg/dL');
INSERT INTO TESTTYPE (TEST_NAME, REF_LIMITS) VALUES ('fibrinogen ', '160 - 450 mg/dL');
INSERT INTO TESTTYPE (TEST_NAME, REF_LIMITS) VALUES ('bleeding time ', '3 - 7 minutes');
INSERT INTO TESTTYPE (TEST_NAME, REF_LIMITS) VALUES ('thrombin time ', '11 - 15 seconds');
INSERT INTO TESTTYPE (TEST_NAME, REF_LIMITS) VALUES ('glucose', '40 - 85 mg/dL');
INSERT INTO TESTTYPE (TEST_NAME, REF_LIMITS) VALUES ('osmolality ', '290 - 298 mOsm/L');
INSERT INTO PATIENT (PIN, NAME, PHONE, EMAIL, SEX, ADDRESS) VALUES ('8211125555', 'Светлана Петрова', '+359895666666', 'spetrova@dxc.com', 'F', 'Sofia');
INSERT INTO PATIENT (PIN, NAME, PHONE, EMAIL, SEX, ADDRESS) VALUES ('8811125454', 'Petar Petrov', '+359895999999', 'ppetrov@dxc.com', 'M', 'Sofia');
INSERT INTO PATIENT (PIN, NAME, PHONE, EMAIL, SEX, ADDRESS) VALUES ('8711125353', 'Hristo Hristov', '+359895888888', 'hhristov@dxc.com', 'M', 'Sofia');
INSERT INTO PATIENT (PIN, NAME, PHONE, EMAIL, SEX, ADDRESS) VALUES ('8611125252', 'Angel Angelov', '+359895777777', 'aangelov@dxc.com', 'M', 'Sofia');
INSERT INTO PATIENT (PIN, NAME, PHONE, EMAIL, SEX, ADDRESS) VALUES ('9812148221', 'Aleksandar Stefanov', '359895666000', 'astefanov2@dxc.com', 'M', 'Sofia');
INSERT INTO DOCTOR (DOC_NUM, DOC_NAME, PHONE, EMAIL) VALUES ('0055555555', 'Telma Kovacheva', '+3598957777777', 'tkovacheva@doc.com');
INSERT INTO DOCTOR (DOC_NUM, DOC_NAME, PHONE, EMAIL) VALUES ('0000000001', 'Ivan Ivanov', '+3598954321234', 'ivanovivan@doc.com');
INSERT INTO DOCTOR (DOC_NUM, DOC_NAME, PHONE, EMAIL) VALUES ('0000000002', 'Stoyan Ivanov', '+3598954123456', 'ivanovstoyan@doc.com');
INSERT INTO DOCTOR (DOC_NUM, DOC_NAME, PHONE, EMAIL) VALUES ('0000000003', 'Соломон Паси', '+3598954623456', 'solomon4o@doc.com');
INSERT INTO DOC_SPEC (DOC_NUM, SPEC_ID, ODD, START_HOUR, NUM_APPOINT, DUR_APPOINT) VALUES ('0055555555', (SELECT SPEC_ID FROM SPECIALTY WHERE SPEC_NAME = 'Family Practice' AND ROWNUM <=1), 0, TO_DATE('9:30', 'hh24:mi'), 20, 20);
INSERT INTO DOC_SPEC (DOC_NUM, SPEC_ID, ODD, START_HOUR, NUM_APPOINT, DUR_APPOINT) VALUES ('0055555555', (SELECT SPEC_ID FROM SPECIALTY WHERE SPEC_NAME = 'Family Practice' AND ROWNUM <=1), 1, TO_DATE('13:30', 'hh24:mi'), 20, 20);
INSERT INTO DOC_SPEC (DOC_NUM, SPEC_ID, ODD, START_HOUR, NUM_APPOINT, DUR_APPOINT) VALUES ('0000000001', (SELECT SPEC_ID FROM SPECIALTY WHERE SPEC_NAME = 'Family Practice' AND ROWNUM <=1), 1, TO_DATE('13:30', 'hh24:mi'), 20, 20);
INSERT INTO DOC_SPEC (DOC_NUM, SPEC_ID, ODD, START_HOUR, NUM_APPOINT, DUR_APPOINT) VALUES ('0000000002', (SELECT SPEC_ID FROM SPECIALTY WHERE SPEC_NAME = 'Family Practice' AND ROWNUM <=1), 1, TO_DATE('13:30', 'hh24:mi'), 20, 20);
INSERT INTO DOC_SPEC (DOC_NUM, SPEC_ID, ODD, START_HOUR, NUM_APPOINT, DUR_APPOINT) VALUES ('0000000003', (SELECT SPEC_ID FROM SPECIALTY WHERE SPEC_NAME = 'Family Practice' AND ROWNUM <=1), 1, TO_DATE('13:30', 'hh24:mi'), 20, 20);
INSERT INTO APPOINTMENT (DOC_NUM, APP_DATE_TIME, STATUS_ID, SPEC_ID, PIN) VALUES ('0055555555', TO_DATE('01-11-2019 13:30', 'dd-mm-yyyy hh24:mi'), (SELECT STATUS_ID FROM STATUS WHERE STATUS_NAME = 'Completed' AND ROWNUM <=1),(SELECT SPEC_ID FROM SPECIALTY WHERE SPEC_NAME  = 'Family Practice' AND ROWNUM <=1) , (SELECT PIN FROM PATIENT P WHERE P.PIN = '9812148221' AND ROWNUM <= 1));
INSERT INTO APPOINTMENT (DOC_NUM, APP_DATE_TIME, STATUS_ID, SPEC_ID, PIN) VALUES ('0055555555', TO_DATE('01-11-2019 13:30', 'dd-mm-yyyy hh24:mi'), (SELECT STATUS_ID FROM STATUS WHERE STATUS_NAME = 'Completed' AND ROWNUM <=1),(SELECT SPEC_ID FROM SPECIALTY WHERE SPEC_NAME  = 'Family Practice' AND ROWNUM <=1) , (SELECT PIN FROM PATIENT WHERE PIN = '8211125555' AND ROWNUM <= 1));
INSERT INTO APPOINTMENT (DOC_NUM, APP_DATE_TIME, STATUS_ID, SPEC_ID, PIN) VALUES ('0055555555', TO_DATE('01-11-2019 13:30', 'dd-mm-yyyy hh24:mi'), (SELECT STATUS_ID FROM STATUS WHERE STATUS_NAME = 'Free' AND ROWNUM <=1),(SELECT SPEC_ID FROM SPECIALTY WHERE SPEC_NAME  = 'Family Practice' AND ROWNUM <=1) , (SELECT PIN FROM PATIENT WHERE PIN = '8211125555' AND ROWNUM <= 1));
INSERT INTO APPOINTMENT (DOC_NUM, APP_DATE_TIME, STATUS_ID, SPEC_ID, PIN) VALUES ('0000000001', TO_DATE('01-11-2019 15:30', 'dd-mm-yyyy hh24:mi'), (SELECT STATUS_ID FROM STATUS WHERE STATUS_NAME = 'Pending' AND ROWNUM <=1),(SELECT SPEC_ID FROM SPECIALTY WHERE SPEC_NAME  = 'Abdominal Radiology' AND ROWNUM <=1) , (SELECT PIN FROM PATIENT WHERE PIN = '8211125555' AND ROWNUM <= 1));
INSERT INTO APPOINTMENT (DOC_NUM, APP_DATE_TIME, STATUS_ID, SPEC_ID, PIN) VALUES ('0000000001', TO_DATE('01-11-2019 14:30', 'dd-mm-yyyy hh24:mi'), (SELECT STATUS_ID FROM STATUS WHERE STATUS_NAME = 'Cancelled' AND ROWNUM <=1),(SELECT SPEC_ID FROM SPECIALTY WHERE SPEC_NAME  = 'Abdominal Radiology' AND ROWNUM <=1) , (SELECT PIN FROM PATIENT WHERE PIN = '8211125555' AND ROWNUM <= 1));
INSERT INTO APPOINTMENT (DOC_NUM, APP_DATE_TIME, STATUS_ID, SPEC_ID, PIN) VALUES ('0000000001', TO_DATE('01-11-2019 13:30', 'dd-mm-yyyy hh24:mi'), (SELECT STATUS_ID FROM STATUS WHERE STATUS_NAME = 'Completed' AND ROWNUM <=1),(SELECT SPEC_ID FROM SPECIALTY WHERE SPEC_NAME  = 'Abdominal Radiology' AND ROWNUM <=1) , (SELECT PIN FROM PATIENT WHERE PIN = '8211125555' AND ROWNUM <= 1));
INSERT INTO APPOINTMENT (DOC_NUM, APP_DATE_TIME, STATUS_ID, SPEC_ID, PIN) VALUES ('0000000001', TO_DATE('01-11-2019 12:30', 'dd-mm-yyyy hh24:mi'), (SELECT STATUS_ID FROM STATUS WHERE STATUS_NAME = 'Completed' AND ROWNUM <=1),(SELECT SPEC_ID FROM SPECIALTY WHERE SPEC_NAME  = 'Anesthesiology' AND ROWNUM <=1) , (SELECT PIN FROM PATIENT WHERE PIN = '8211125555' AND ROWNUM <= 1));
INSERT INTO APPOINTMENT (DOC_NUM, APP_DATE_TIME, STATUS_ID, SPEC_ID, PIN) VALUES ('0000000002', TO_DATE('01-11-2019 11:30', 'dd-mm-yyyy hh24:mi'), (SELECT STATUS_ID FROM STATUS WHERE STATUS_NAME = 'Completed' AND ROWNUM <=1),(SELECT SPEC_ID FROM SPECIALTY WHERE SPEC_NAME  = 'Abdominal Radiology' AND ROWNUM <=1) , (SELECT PIN FROM PATIENT WHERE PIN = '8611125252' AND ROWNUM <= 1));
INSERT INTO APPOINTMENT (DOC_NUM, APP_DATE_TIME, STATUS_ID, SPEC_ID, PIN) VALUES ('0000000003', TO_DATE('03-11-2019 11:30', 'dd-mm-yyyy hh24:mi'), (SELECT STATUS_ID FROM STATUS WHERE STATUS_NAME = 'Completed' AND ROWNUM <=1),(SELECT SPEC_ID FROM SPECIALTY WHERE SPEC_NAME  = 'Abdominal Radiology' AND ROWNUM <=1) , (SELECT PIN FROM PATIENT WHERE PIN = '8611125252' AND ROWNUM <= 1));
INSERT INTO APPOINTMENT (DOC_NUM, APP_DATE_TIME, STATUS_ID, SPEC_ID, PIN) VALUES ('0000000003', TO_DATE('02-11-2019 12:00', 'dd-mm-yyyy hh24:mi'), (SELECT STATUS_ID FROM STATUS WHERE STATUS_NAME = 'Completed' AND ROWNUM <=1),(SELECT SPEC_ID FROM SPECIALTY WHERE SPEC_NAME  = 'Abdominal Radiology' AND ROWNUM <=1) , (SELECT PIN FROM PATIENT WHERE PIN = '8711125353' AND ROWNUM <= 1));
INSERT INTO APPOINTMENT (DOC_NUM, APP_DATE_TIME, STATUS_ID, SPEC_ID, PIN) VALUES ('0000000003', TO_DATE('02-11-2019 12:30', 'dd-mm-yyyy hh24:mi'), (SELECT STATUS_ID FROM STATUS WHERE STATUS_NAME = 'Completed' AND ROWNUM <=1),(SELECT SPEC_ID FROM SPECIALTY WHERE SPEC_NAME  = 'Abdominal Radiology' AND ROWNUM <=1) , (SELECT PIN FROM PATIENT WHERE PIN = '8211125555' AND ROWNUM <= 1));
INSERT INTO APPOINTMENT (DOC_NUM, APP_DATE_TIME, STATUS_ID, SPEC_ID, PIN) VALUES ('0000000003', TO_DATE('02-11-2019 13:00', 'dd-mm-yyyy hh24:mi'), (SELECT STATUS_ID FROM STATUS WHERE STATUS_NAME = 'Completed' AND ROWNUM <=1),(SELECT SPEC_ID FROM SPECIALTY WHERE SPEC_NAME  = 'Abdominal Radiology' AND ROWNUM <=1) , (SELECT PIN FROM PATIENT WHERE PIN = '8611125252' AND ROWNUM <= 1));
INSERT INTO APPOINTMENT (DOC_NUM, APP_DATE_TIME, STATUS_ID, SPEC_ID, PIN) VALUES ('0000000003', TO_DATE('01-11-2019 13:30', 'dd-mm-yyyy hh24:mi'), (SELECT STATUS_ID FROM STATUS WHERE STATUS_NAME = 'Completed' AND ROWNUM <=1),(SELECT SPEC_ID FROM SPECIALTY WHERE SPEC_NAME  = 'Abdominal Radiology' AND ROWNUM <=1) , (SELECT PIN FROM PATIENT WHERE PIN = '8611125252' AND ROWNUM <= 1));
INSERT INTO APP_RECORD(APP_ID, ANAMNESIS, OBSERVATION, THERAPY) VALUES ((SELECT APP_ID FROM APPOINTMENT WHERE DOC_NUM = '0055555555' AND PIN = '8211125555' AND ROWNUM <=1), 'The patient is 37 years old. Had head-ache from two days.', 'The patient is visibly ill.', 'Should sleep more.');
INSERT INTO APP_RECORD(APP_ID, ANAMNESIS, OBSERVATION, THERAPY) VALUES ((SELECT APP_ID FROM APPOINTMENT WHERE DOC_NUM = '0000000002' AND PIN = '8611125252' AND ROWNUM <=1), 'The patient is 37 years old. Has been vomiting several times for the past two hours.', 'The patient has temperature 38.5.', 'Should stay at home, eat light food and drink more water.');
INSERT INTO APP_RECORD(APP_ID, ANAMNESIS, OBSERVATION, THERAPY) VALUES ((SELECT APP_ID FROM APPOINTMENT WHERE DOC_NUM = '0055555555' AND PIN = '8811125454' AND ROWNUM <=1), 'The patient is 33 years old. Had tooth-ache from five days.', 'The patient is in mild pain.', 'He should take painkillers.');
INSERT INTO APP_TEST (APP_ID, TTYPE_ID, DUE_DATE) VALUES ((SELECT APP_ID FROM APPOINTMENT WHERE DOC_NUM = '0000000003' AND PIN = '8211125555' AND ROWNUM <=1), (SELECT TTYPE_ID FROM TESTTYPE WHERE TEST_NAME = 'ACT' AND ROWNUM <=1),TO_DATE('01-02-2020', 'dd-mm-yyyy'));
INSERT INTO APP_TEST (APP_ID, TTYPE_ID, DUE_DATE) VALUES ((SELECT APP_ID FROM APPOINTMENT WHERE DOC_NUM = '0000000003' AND PIN = '8711125353' AND ROWNUM <=1), (SELECT TTYPE_ID FROM TESTTYPE WHERE TEST_NAME = 'ACT' AND ROWNUM <=1),TO_DATE('02-03-2020', 'dd-mm-yyyy'));
INSERT INTO APP_TEST (APP_ID, TTYPE_ID, DUE_DATE) VALUES ((SELECT APP_ID FROM APPOINTMENT WHERE DOC_NUM = '0000000001' AND ROWNUM <=1), (SELECT TTYPE_ID FROM TESTTYPE WHERE TEST_NAME = 'pH' AND ROWNUM <=1),TO_DATE('01-11-2020', 'dd-mm-yyyy'), 'pH TEST');
INSERT INTO APP_TEST (APP_ID, TTYPE_ID, DUE_DATE, VAL, DESCRIPTION, TEST_DATE) VALUES ((SELECT APP_ID FROM APPOINTMENT WHERE DOC_NUM = '0055555555' AND PIN = '8211125555' AND ROWNUM <=1), (SELECT TTYPE_ID FROM TESTTYPE WHERE TEST_NAME = 'RBC' AND ROWNUM <=1),TO_DATE('01-11-2019', 'dd-mm-yyyy'), 1, 'should be checked again',TO_DATE('30-12-2019', 'dd-mm-yyyy'));
INSERT INTO APP_TEST (APP_ID, TTYPE_ID, DUE_DATE, VAL, DESCRIPTION, TEST_DATE) VALUES ((SELECT APP_ID FROM APPOINTMENT WHERE DOC_NUM = '0000000003' AND PIN = '8711125353' AND ROWNUM <=1), (SELECT TTYPE_ID FROM TESTTYPE WHERE TEST_NAME = 'FSP' AND ROWNUM <=1),TO_DATE('01-11-2020', 'dd-mm-yyyy'), 1.2, 'ok test', TO_DATE('30-12-2019', 'dd-mm-yyyy'));
